date,temperature,wind_speed,electricity_demand,PriceArea,electricity_price,day_of_week,month,day_of_year
2020-01-01,3.7,20.6,3229.98,DK1,31.77,2,1,1
2020-01-01,3.7,20.6,3229.98,DK2,31.77,2,1,1
2020-01-02,1.8,22.9,2944.5,DK1,30.639999,3,1,2
2020-01-02,1.8,22.9,2944.5,DK2,30.639999,3,1,2
2020-01-03,5.2,27.5,3339.87,DK1,9.98,4,1,3
2020-01-03,5.2,27.5,3339.87,DK2,9.98,4,1,3
2020-01-04,4.4,29.9,3217.88,DK1,15.95,5,1,4
2020-01-04,4.4,29.9,3217.88,DK2,15.95,5,1,4
2020-01-05,3.2,18.6,3103.94,DK1,32.279999,6,1,5
2020-01-05,3.2,18.6,3103.94,DK2,32.279999,6,1,5
2020-01-06,5.9,19.4,3171.06,DK1,29.0,0,1,6
2020-01-06,5.9,19.4,3171.06,DK2,26.5,0,1,6
2020-01-07,5.1,20.8,3362.64,DK1,28.34,1,1,7
2020-01-07,5.1,20.8,3362.64,DK2,28.34,1,1,7
2020-01-08,6.9,25.9,3437.2,DK1,4.96,2,1,8
2020-01-08,6.9,25.9,3437.2,DK2,4.96,2,1,8
2020-01-09,5.5,17.0,3299.03,DK1,25.34,3,1,9
2020-01-09,5.5,17.0,3299.03,DK2,25.34,3,1,9
2020-01-10,6.2,13.2,3285.61,DK1,26.01,4,1,10
2020-01-10,6.2,13.2,3285.61,DK2,26.01,4,1,10
2020-01-11,4.4,24.0,3182.82,DK1,34.0,5,1,11
2020-01-11,4.4,24.0,3182.82,DK2,34.0,5,1,11
2020-01-12,5.9,27.3,3212.42,DK1,19.370001,6,1,12
2020-01-12,5.9,27.3,3212.42,DK2,19.370001,6,1,12
2020-01-13,5.0,19.5,3264.41,DK1,23.98,0,1,13
2020-01-13,5.0,19.5,3264.41,DK2,23.98,0,1,13
2020-01-14,6.6,32.9,3402.27,DK1,16.5,1,1,14
2020-01-14,6.6,32.9,3402.27,DK2,17.139999,1,1,14
2020-01-15,9.6,35.1,3356.88,DK1,5.06,2,1,15
2020-01-15,9.6,35.1,3356.88,DK2,5.06,2,1,15
2020-01-16,5.9,23.9,3420.59,DK1,21.32,3,1,16
2020-01-16,5.9,23.9,3420.59,DK2,21.32,3,1,16
2020-01-17,6.1,23.8,3408.11,DK1,22.610001,4,1,17
2020-01-17,6.1,23.8,3408.11,DK2,22.610001,4,1,17
2020-01-18,5.6,27.4,3166.46,DK1,23.02,5,1,18
2020-01-18,5.6,27.4,3166.46,DK2,23.02,5,1,18
2020-01-19,3.5,14.7,3131.21,DK1,21.91,6,1,19
2020-01-19,3.5,14.7,3131.21,DK2,21.91,6,1,19
2020-01-20,4.7,21.0,3210.87,DK1,22.530001,0,1,20
2020-01-20,4.7,21.0,3210.87,DK2,22.530001,0,1,20
2020-01-21,6.5,29.0,3369.48,DK1,17.879999,1,1,21
2020-01-21,6.5,29.0,3369.48,DK2,17.879999,1,1,21
2020-01-22,4.7,19.2,3413.59,DK1,19.870001,2,1,22
2020-01-22,4.7,19.2,3413.59,DK2,14.43,2,1,22
2020-01-23,4.3,20.4,3357.67,DK1,20.57,3,1,23
2020-01-23,4.3,20.4,3357.67,DK2,20.57,3,1,23
2020-01-24,6.3,23.1,3276.18,DK1,16.950001,4,1,24
2020-01-24,6.3,23.1,3276.18,DK2,16.950001,4,1,24
2020-01-25,5.7,18.7,3123.58,DK1,19.309999,5,1,25
2020-01-25,5.7,18.7,3123.58,DK2,18.610001,5,1,25
2020-01-26,3.7,19.6,3058.42,DK1,18.940001,6,1,26
2020-01-26,3.7,19.6,3058.42,DK2,18.940001,6,1,26
2020-01-27,4.5,21.2,3222.56,DK1,19.360001,0,1,27
2020-01-27,4.5,21.2,3222.56,DK2,19.360001,0,1,27
2020-01-28,4.4,16.8,3162.37,DK1,20.1,1,1,28
2020-01-28,4.4,16.8,3162.37,DK2,20.1,1,1,28
2020-01-29,3.8,22.4,3419.68,DK1,19.58,2,1,29
2020-01-29,3.8,22.4,3419.68,DK2,19.58,2,1,29
2020-01-30,5.8,24.9,3470.73,DK1,19.66,3,1,30
2020-01-30,5.8,24.9,3470.73,DK2,19.66,3,1,30
2020-01-31,7.5,27.6,3505.17,DK1,0.02,4,1,31
2020-01-31,7.5,27.6,3505.17,DK2,15.59,4,1,31
2020-02-01,8.1,30.1,3295.85,DK1,0.02,5,2,32
2020-02-01,8.1,30.1,3295.85,DK2,0.02,5,2,32
2020-02-02,5.2,28.5,3131.12,DK1,-9.99,6,2,33
2020-02-02,5.2,28.5,3131.12,DK2,-9.99,6,2,33
2020-02-03,4.2,15.2,3131.74,DK1,15.55,0,2,34
2020-02-03,4.2,15.2,3131.74,DK2,15.65,0,2,34
2020-02-04,3.6,26.1,2995.51,DK1,17.41,1,2,35
2020-02-04,3.6,26.1,2995.51,DK2,17.129999,1,2,35
2020-02-05,3.2,22.5,3484.49,DK1,16.08,2,2,36
2020-02-05,3.2,22.5,3484.49,DK2,16.08,2,2,36
2020-02-06,6.0,23.1,3570.83,DK1,14.6,3,2,37
2020-02-06,6.0,23.1,3570.83,DK2,14.6,3,2,37
2020-02-07,3.7,13.1,3305.29,DK1,32.18,4,2,38
2020-02-07,3.7,13.1,3305.29,DK2,32.18,4,2,38
2020-02-08,5.2,22.2,3260.86,DK1,13.66,5,2,39
2020-02-08,5.2,22.2,3260.86,DK2,13.66,5,2,39
2020-02-09,7.2,40.6,3282.84,DK1,12.41,6,2,40
2020-02-09,7.2,40.6,3282.84,DK2,12.41,6,2,40
2020-02-10,5.9,35.6,3416.52,DK1,-2.68,0,2,41
2020-02-10,5.9,35.6,3416.52,DK2,-2.68,0,2,41
2020-02-11,3.7,32.1,3607.74,DK1,4.83,1,2,42
2020-02-11,3.7,32.1,3607.74,DK2,4.83,1,2,42
2020-02-12,3.7,29.9,3645.78,DK1,0.88,2,2,43
2020-02-12,3.7,29.9,3645.78,DK2,10.59,2,2,43
2020-02-13,3.7,19.7,3551.56,DK1,12.82,3,2,44
2020-02-13,3.7,19.7,3551.56,DK2,12.82,3,2,44
2020-02-14,3.9,11.3,3309.52,DK1,26.440001,4,2,45
2020-02-14,3.9,11.3,3309.52,DK2,26.440001,4,2,45
2020-02-15,5.9,27.7,3325.63,DK1,11.47,5,2,46
2020-02-15,5.9,27.7,3325.63,DK2,11.47,5,2,46
2020-02-16,8.9,35.6,3202.96,DK1,0.08,6,2,47
2020-02-16,8.9,35.6,3202.96,DK2,9.34,6,2,47
2020-02-17,6.5,39.3,3363.2,DK1,0.01,0,2,48
2020-02-17,6.5,39.3,3363.2,DK2,4.06,0,2,48
2020-02-18,5.5,31.0,3449.17,DK1,9.67,1,2,49
2020-02-18,5.5,31.0,3449.17,DK2,9.67,1,2,49
2020-02-19,4.4,20.9,3417.69,DK1,10.21,2,2,50
2020-02-19,4.4,20.9,3417.69,DK2,10.21,2,2,50
2020-02-20,4.8,28.7,3374.64,DK1,11.93,3,2,51
2020-02-20,4.8,28.7,3374.64,DK2,11.93,3,2,51
2020-02-21,5.9,31.1,3336.71,DK1,7.6,4,2,52
2020-02-21,5.9,31.1,3336.71,DK2,7.6,4,2,52
2020-02-22,6.6,41.9,3182.77,DK1,0.12,5,2,53
2020-02-22,6.6,41.9,3182.77,DK2,3.33,5,2,53
2020-02-23,4.6,28.5,3261.44,DK1,-2.67,6,2,54
2020-02-23,4.6,28.5,3261.44,DK2,6.81,6,2,54
2020-02-24,4.6,21.3,3327.36,DK1,0.09,0,2,55
2020-02-24,4.6,21.3,3327.36,DK2,7.23,0,2,55
2020-02-25,4.6,37.0,3454.16,DK1,8.22,1,2,56
2020-02-25,4.6,37.0,3454.16,DK2,10.16,1,2,56
2020-02-26,2.0,17.8,3392.0,DK1,13.05,2,2,57
2020-02-26,2.0,17.8,3392.0,DK2,13.05,2,2,57
2020-02-27,0.9,9.7,3496.49,DK1,28.540001,3,2,58
2020-02-27,0.9,9.7,3496.49,DK2,28.540001,3,2,58
2020-02-28,3.2,18.6,3540.75,DK1,24.799999,4,2,59
2020-02-28,3.2,18.6,3540.75,DK2,24.799999,4,2,59
2020-02-29,4.9,27.9,3347.65,DK1,3.11,5,2,60
2020-02-29,4.9,27.9,3347.65,DK2,10.98,5,2,60
2020-03-01,5.3,29.7,3268.75,DK1,0.09,6,3,61
2020-03-01,5.3,29.7,3268.75,DK2,9.34,6,3,61
2020-03-02,4.6,13.3,3162.36,DK1,10.76,0,3,62
2020-03-02,4.6,13.3,3162.36,DK2,10.76,0,3,62
2020-03-03,3.8,10.7,3153.65,DK1,25.040001,1,3,63
2020-03-03,3.8,10.7,3153.65,DK2,25.040001,1,3,63
2020-03-04,4.4,16.6,3358.09,DK1,28.1,2,3,64
2020-03-04,4.4,16.6,3358.09,DK2,28.1,2,3,64
2020-03-05,3.4,12.1,3326.32,DK1,29.08,3,3,65
2020-03-05,3.4,12.1,3326.32,DK2,29.08,3,3,65
2020-03-06,4.1,25.7,3603.24,DK1,22.959999,4,3,66
2020-03-06,4.1,25.7,3603.24,DK2,22.959999,4,3,66
2020-03-07,4.0,14.7,3241.22,DK1,25.5,5,3,67
2020-03-07,4.0,14.7,3241.22,DK2,25.5,5,3,67
2020-03-08,6.4,26.1,3822.92,DK1,9.63,6,3,68
2020-03-08,6.4,26.1,3822.92,DK2,9.63,6,3,68
2020-03-09,6.4,14.5,3069.41,DK1,25.0,0,3,69
2020-03-09,6.4,14.5,3069.41,DK2,25.0,0,3,69
2020-03-10,5.8,26.6,3356.16,DK1,9.19,1,3,70
2020-03-10,5.8,26.6,3356.16,DK2,9.19,1,3,70
2020-03-11,6.9,30.0,3338.22,DK1,0.07,2,3,71
2020-03-11,6.9,30.0,3338.22,DK2,1.29,2,3,71
2020-03-12,6.1,39.3,3343.41,DK1,1.79,3,3,72
2020-03-12,6.1,39.3,3343.41,DK2,1.79,3,3,72
2020-03-13,4.2,27.3,3391.69,DK1,6.99,4,3,73
2020-03-13,4.2,27.3,3391.69,DK2,6.99,4,3,73
2020-03-14,2.3,15.2,3232.61,DK1,32.040001,5,3,74
2020-03-14,2.3,15.2,3232.61,DK2,32.040001,5,3,74
2020-03-15,6.4,32.0,3152.32,DK1,7.24,6,3,75
2020-03-15,6.4,32.0,3152.32,DK2,7.24,6,3,75
2020-03-16,7.8,18.3,3218.5,DK1,6.57,0,3,76
2020-03-16,7.8,18.3,3218.5,DK2,6.57,0,3,76
2020-03-17,6.4,21.1,3218.99,DK1,13.04,1,3,77
2020-03-17,6.4,21.1,3218.99,DK2,13.04,1,3,77
2020-03-18,8.0,24.4,3270.09,DK1,5.64,2,3,78
2020-03-18,8.0,24.4,3270.09,DK2,5.64,2,3,78
2020-03-19,6.0,14.2,3228.01,DK1,6.29,3,3,79
2020-03-19,6.0,14.2,3228.01,DK2,6.29,3,3,79
2020-03-20,4.7,19.5,3242.55,DK1,17.620001,4,3,80
2020-03-20,4.7,19.5,3242.55,DK2,17.620001,4,3,80
2020-03-21,3.2,17.5,3291.66,DK1,13.97,5,3,81
2020-03-21,3.2,17.5,3291.66,DK2,13.97,5,3,81
2020-03-22,2.0,15.5,3215.29,DK1,7.51,6,3,82
2020-03-22,2.0,15.5,3215.29,DK2,7.51,6,3,82
2020-03-23,2.4,18.3,3396.79,DK1,6.77,0,3,83
2020-03-23,2.4,18.3,3396.79,DK2,6.77,0,3,83
2020-03-24,3.8,21.2,3312.69,DK1,5.94,1,3,84
2020-03-24,3.8,21.2,3312.69,DK2,14.29,1,3,84
2020-03-25,4.2,19.7,3306.57,DK1,5.51,2,3,85
2020-03-25,4.2,19.7,3306.57,DK2,19.209999,2,3,85
2020-03-26,4.8,12.5,3340.31,DK1,18.389999,3,3,86
2020-03-26,4.8,12.5,3340.31,DK2,18.389999,3,3,86
2020-03-27,5.4,12.0,3223.2,DK1,19.0,4,3,87
2020-03-27,5.4,12.0,3223.2,DK2,19.0,4,3,87
2020-03-28,5.6,14.6,3017.23,DK1,21.09,5,3,88
2020-03-28,5.6,14.6,3017.23,DK2,21.09,5,3,88
2020-03-29,2.3,28.3,2935.48,DK1,4.44,6,3,89
2020-03-29,2.3,28.3,2935.48,DK2,4.44,6,3,89
2020-03-30,3.4,17.1,3163.71,DK1,15.94,0,3,90
2020-03-30,3.4,17.1,3163.71,DK2,19.65,0,3,90
2020-03-31,3.1,15.7,3271.91,DK1,19.91,1,3,91
2020-03-31,3.1,15.7,3271.91,DK2,19.91,1,3,91
2020-04-01,6.2,26.8,3195.25,DK1,4.31,2,4,92
2020-04-01,6.2,26.8,3195.25,DK2,4.31,2,4,92
2020-04-02,6.5,34.2,3193.99,DK1,4.15,3,4,93
2020-04-02,6.5,34.2,3193.99,DK2,4.15,3,4,93
2020-04-03,4.8,31.4,3250.96,DK1,3.32,4,4,94
2020-04-03,4.8,31.4,3250.96,DK2,3.32,4,4,94
2020-04-04,5.3,15.3,2985.13,DK1,21.1,5,4,95
2020-04-04,5.3,15.3,2985.13,DK2,21.1,5,4,95
2020-04-05,7.1,17.6,2864.29,DK1,9.82,6,4,96
2020-04-05,7.1,17.6,2864.29,DK2,9.82,6,4,96
2020-04-06,8.8,21.3,2995.04,DK1,4.04,0,4,97
2020-04-06,8.8,21.3,2995.04,DK2,6.34,0,4,97
2020-04-07,9.8,16.3,2860.08,DK1,20.5,1,4,98
2020-04-07,9.8,16.3,2860.08,DK2,20.5,1,4,98
2020-04-08,7.9,14.6,2931.81,DK1,19.34,2,4,99
2020-04-08,7.9,14.6,2931.81,DK2,19.719999,2,4,99
2020-04-09,7.7,18.4,2764.62,DK1,6.72,3,4,100
2020-04-09,7.7,18.4,2764.62,DK2,21.08,3,4,100
2020-04-10,5.9,10.4,2760.58,DK1,21.040001,4,4,101
2020-04-10,5.9,10.4,2760.58,DK2,22.0,4,4,101
2020-04-11,6.6,12.9,2795.51,DK1,20.1,5,4,102
2020-04-11,6.6,12.9,2795.51,DK2,20.1,5,4,102
2020-04-12,10.9,23.2,2726.08,DK1,4.11,6,4,103
2020-04-12,10.9,23.2,2726.08,DK2,6.01,6,4,103
2020-04-13,5.5,27.0,2784.08,DK1,1.72,0,4,104
2020-04-13,5.5,27.0,2784.08,DK2,1.72,0,4,104
2020-04-14,5.9,21.7,2988.35,DK1,3.9,1,4,105
2020-04-14,5.9,21.7,2988.35,DK2,3.9,1,4,105
2020-04-15,8.8,28.5,3072.53,DK1,3.62,2,4,106
2020-04-15,8.8,28.5,3072.53,DK2,3.62,2,4,106
2020-04-16,8.5,22.5,2915.5,DK1,3.14,3,4,107
2020-04-16,8.5,22.5,2915.5,DK2,3.14,3,4,107
2020-04-17,6.9,10.6,3080.69,DK1,20.139999,4,4,108
2020-04-17,6.9,10.6,3080.69,DK2,20.139999,4,4,108
2020-04-18,6.9,11.6,2921.11,DK1,18.59,5,4,109
2020-04-18,6.9,11.6,2921.11,DK2,18.59,5,4,109
2020-04-19,7.6,9.2,2741.23,DK1,12.12,6,4,110
2020-04-19,7.6,9.2,2741.23,DK2,12.12,6,4,110
2020-04-20,8.0,9.1,2884.69,DK1,3.72,0,4,111
2020-04-20,8.0,9.1,2884.69,DK2,3.78,0,4,111
2020-04-21,9.3,10.3,2926.12,DK1,3.94,1,4,112
2020-04-21,9.3,10.3,2926.12,DK2,4.07,1,4,112
2020-04-22,9.6,7.1,2922.43,DK1,3.73,2,4,113
2020-04-22,9.6,7.1,2922.43,DK2,4.31,2,4,113
2020-04-23,12.1,9.3,3021.51,DK1,18.17,3,4,114
2020-04-23,12.1,9.3,3021.51,DK2,18.17,3,4,114
2020-04-24,10.7,14.2,2909.57,DK1,10.98,4,4,115
2020-04-24,10.7,14.2,2909.57,DK2,10.98,4,4,115
2020-04-25,8.9,14.8,2808.1,DK1,4.7,5,4,116
2020-04-25,8.9,14.8,2808.1,DK2,4.7,5,4,116
2020-04-26,8.8,10.9,2779.4,DK1,20.23,6,4,117
2020-04-26,8.8,10.9,2779.4,DK2,20.23,6,4,117
2020-04-27,8.9,13.6,2838.24,DK1,16.82,0,4,118
2020-04-27,8.9,13.6,2838.24,DK2,16.82,0,4,118
2020-04-28,9.4,14.1,2931.43,DK1,18.200001,1,4,119
2020-04-28,9.4,14.1,2931.43,DK2,18.200001,1,4,119
2020-04-29,6.5,24.8,3010.46,DK1,16.76,2,4,120
2020-04-29,6.5,24.8,3010.46,DK2,16.76,2,4,120
2020-04-30,7.9,25.9,2954.6,DK1,7.3,3,4,121
2020-04-30,7.9,25.9,2954.6,DK2,7.3,3,4,121
2020-05-01,8.5,10.1,2991.75,DK1,3.82,4,5,122
2020-05-01,8.5,10.1,2991.75,DK2,4.72,4,5,122
2020-05-02,8.9,11.2,2779.61,DK1,10.0,5,5,123
2020-05-02,8.9,11.2,2779.61,DK2,10.0,5,5,123
2020-05-03,9.9,17.6,2729.24,DK1,7.75,6,5,124
2020-05-03,9.9,17.6,2729.24,DK2,7.75,6,5,124
2020-05-04,8.5,17.0,2897.33,DK1,6.78,0,5,125
2020-05-04,8.5,17.0,2897.33,DK2,6.78,0,5,125
2020-05-05,8.2,19.9,2961.95,DK1,16.98,1,5,126
2020-05-05,8.2,19.9,2961.95,DK2,17.200001,1,5,126
2020-05-06,9.3,22.0,2952.07,DK1,19.540001,2,5,127
2020-05-06,9.3,22.0,2952.07,DK2,20.0,2,5,127
2020-05-07,10.9,15.9,2897.79,DK1,6.12,3,5,128
2020-05-07,10.9,15.9,2897.79,DK2,18.57,3,5,128
2020-05-08,11.5,16.6,2824.74,DK1,16.0,4,5,129
2020-05-08,11.5,16.6,2824.74,DK2,20.040001,4,5,129
2020-05-09,11.4,8.2,2688.01,DK1,20.889999,5,5,130
2020-05-09,11.4,8.2,2688.01,DK2,20.889999,5,5,130
2020-05-10,11.9,17.3,2652.94,DK1,19.1,6,5,131
2020-05-10,11.9,17.3,2652.94,DK2,19.1,6,5,131
2020-05-11,7.0,25.2,2853.61,DK1,0.13,0,5,132
2020-05-11,7.0,25.2,2853.61,DK2,0.13,0,5,132
2020-05-12,6.6,20.7,3052.34,DK1,8.83,1,5,133
2020-05-12,6.6,20.7,3052.34,DK2,18.059999,1,5,133
2020-05-13,6.7,12.4,3056.98,DK1,20.459999,2,5,134
2020-05-13,6.7,12.4,3056.98,DK2,20.459999,2,5,134
2020-05-14,7.5,19.9,3134.09,DK1,16.75,3,5,135
2020-05-14,7.5,19.9,3134.09,DK2,16.75,3,5,135
2020-05-15,9.3,24.5,3023.81,DK1,11.6,4,5,136
2020-05-15,9.3,24.5,3023.81,DK2,17.030001,4,5,136
2020-05-16,9.7,30.7,2873.71,DK1,9.12,5,5,137
2020-05-16,9.7,30.7,2873.71,DK2,9.12,5,5,137
2020-05-17,10.4,28.9,2752.23,DK1,8.47,6,5,138
2020-05-17,10.4,28.9,2752.23,DK2,8.47,6,5,138
2020-05-18,10.8,15.1,2858.47,DK1,14.01,0,5,139
2020-05-18,10.8,15.1,2858.47,DK2,14.01,0,5,139
2020-05-19,11.0,19.2,2981.4,DK1,16.16,1,5,140
2020-05-19,11.0,19.2,2981.4,DK2,16.16,1,5,140
2020-05-20,10.5,7.3,2960.01,DK1,16.059999,2,5,141
2020-05-20,10.5,7.3,2960.01,DK2,21.58,2,5,141
2020-05-21,11.3,12.7,2847.08,DK1,17.290001,3,5,142
2020-05-21,11.3,12.7,2847.08,DK2,17.290001,3,5,142
2020-05-22,12.7,28.0,2689.74,DK1,15.5,4,5,143
2020-05-22,12.7,28.0,2689.74,DK2,15.5,4,5,143
2020-05-23,13.1,18.7,2751.68,DK1,10.87,5,5,144
2020-05-23,13.1,18.7,2751.68,DK2,10.87,5,5,144
2020-05-24,11.4,22.8,2655.21,DK1,-8.77,6,5,145
2020-05-24,11.4,22.8,2655.21,DK2,-8.77,6,5,145
2020-05-25,12.7,16.4,2848.51,DK1,4.01,0,5,146
2020-05-25,12.7,16.4,2848.51,DK2,8.03,0,5,146
2020-05-26,12.4,9.7,2865.75,DK1,21.41,1,5,147
2020-05-26,12.4,9.7,2865.75,DK2,21.41,1,5,147
2020-05-27,13.0,15.2,2850.78,DK1,21.4,2,5,148
2020-05-27,13.0,15.2,2850.78,DK2,21.4,2,5,148
2020-05-28,13.1,12.5,2907.49,DK1,15.45,3,5,149
2020-05-28,13.1,12.5,2907.49,DK2,16.200001,3,5,149
2020-05-29,12.9,9.2,2911.6,DK1,18.219999,4,5,150
2020-05-29,12.9,9.2,2911.6,DK2,18.219999,4,5,150
2020-05-30,13.2,9.9,2821.13,DK1,15.06,5,5,151
2020-05-30,13.2,9.9,2821.13,DK2,15.06,5,5,151
2020-05-31,14.8,13.9,2697.04,DK1,11.76,6,5,152
2020-05-31,14.8,13.9,2697.04,DK2,11.76,6,5,152
2020-06-01,15.8,10.8,2647.89,DK1,9.8,0,6,153
2020-06-01,15.8,10.8,2647.89,DK2,9.8,0,6,153
2020-06-02,17.7,15.0,2854.02,DK1,14.99,1,6,154
2020-06-02,17.7,15.0,2854.02,DK2,14.99,1,6,154
2020-06-03,13.6,13.7,2955.82,DK1,22.719999,2,6,155
2020-06-03,13.6,13.7,2955.82,DK2,22.719999,2,6,155
2020-06-04,14.6,28.3,2915.06,DK1,19.610001,3,6,156
2020-06-04,14.6,28.3,2915.06,DK2,19.610001,3,6,156
2020-06-05,13.0,20.8,2823.01,DK1,4.41,4,6,157
2020-06-05,13.0,20.8,2823.01,DK2,17.059999,4,6,157
2020-06-06,11.9,25.8,2726.01,DK1,1.32,5,6,158
2020-06-06,11.9,25.8,2726.01,DK2,1.32,5,6,158
2020-06-07,13.7,16.5,2618.39,DK1,14.93,6,6,159
2020-06-07,13.7,16.5,2618.39,DK2,14.93,6,6,159
2020-06-08,13.5,6.8,2734.24,DK1,22.01,0,6,160
2020-06-08,13.5,6.8,2734.24,DK2,22.01,0,6,160
2020-06-09,13.9,8.4,2809.59,DK1,24.08,1,6,161
2020-06-09,13.9,8.4,2809.59,DK2,24.08,1,6,161
2020-06-10,15.5,13.6,2833.01,DK1,22.610001,2,6,162
2020-06-10,15.5,13.6,2833.01,DK2,22.610001,2,6,162
2020-06-11,17.6,20.2,2854.78,DK1,21.07,3,6,163
2020-06-11,17.6,20.2,2854.78,DK2,21.07,3,6,163
2020-06-12,17.1,23.1,2879.15,DK1,17.09,4,6,164
2020-06-12,17.1,23.1,2879.15,DK2,17.09,4,6,164
2020-06-13,17.7,28.2,2749.04,DK1,18.700001,5,6,165
2020-06-13,17.7,28.2,2749.04,DK2,18.700001,5,6,165
2020-06-14,17.3,22.4,2622.32,DK1,0.79,6,6,166
2020-06-14,17.3,22.4,2622.32,DK2,3.33,6,6,166
2020-06-15,17.4,11.8,2717.68,DK1,19.059999,0,6,167
2020-06-15,17.4,11.8,2717.68,DK2,19.059999,0,6,167
2020-06-16,19.2,11.6,2884.11,DK1,25.17,1,6,168
2020-06-16,19.2,11.6,2884.11,DK2,25.17,1,6,168
2020-06-17,16.8,9.6,2937.58,DK1,28.1,2,6,169
2020-06-17,16.8,9.6,2937.58,DK2,28.1,2,6,169
2020-06-18,17.9,9.1,2958.33,DK1,23.51,3,6,170
2020-06-18,17.9,9.1,2958.33,DK2,23.51,3,6,170
2020-06-19,18.0,10.3,3006.32,DK1,23.25,4,6,171
2020-06-19,18.0,10.3,3006.32,DK2,23.25,4,6,171
2020-06-20,18.4,15.8,2749.5,DK1,22.799999,5,6,172
2020-06-20,18.4,15.8,2749.5,DK2,22.799999,5,6,172
2020-06-21,17.5,14.8,2625.03,DK1,22.15,6,6,173
2020-06-21,17.5,14.8,2625.03,DK2,22.15,6,6,173
2020-06-22,17.5,14.7,2797.03,DK1,20.610001,0,6,174
2020-06-22,17.5,14.7,2797.03,DK2,20.610001,0,6,174
2020-06-23,17.8,13.7,2814.25,DK1,25.879999,1,6,175
2020-06-23,17.8,13.7,2814.25,DK2,25.879999,1,6,175
2020-06-24,18.7,8.5,2889.84,DK1,27.83,2,6,176
2020-06-24,18.7,8.5,2889.84,DK2,27.83,2,6,176
2020-06-25,20.7,11.3,2928.88,DK1,26.51,3,6,177
2020-06-25,20.7,11.3,2928.88,DK2,26.51,3,6,177
2020-06-26,21.6,14.6,2987.47,DK1,25.959999,4,6,178
2020-06-26,21.6,14.6,2987.47,DK2,25.959999,4,6,178
2020-06-27,20.4,13.7,2816.01,DK1,28.299999,5,6,179
2020-06-27,20.4,13.7,2816.01,DK2,28.299999,5,6,179
2020-06-28,19.2,13.3,2643.14,DK1,16.9,6,6,180
2020-06-28,19.2,13.3,2643.14,DK2,16.9,6,6,180
2020-06-29,18.2,16.9,2741.8,DK1,16.879999,0,6,181
2020-06-29,18.2,16.9,2741.8,DK2,16.879999,0,6,181
2020-06-30,15.8,32.6,2864.28,DK1,3.6,1,6,182
2020-06-30,15.8,32.6,2864.28,DK2,3.6,1,6,182
2020-07-01,17.1,21.6,2735.34,DK1,0.46,2,7,183
2020-07-01,17.1,21.6,2735.34,DK2,0.46,2,7,183
2020-07-02,16.9,15.5,2786.45,DK1,28.379999,3,7,184
2020-07-02,16.9,15.5,2786.45,DK2,28.379999,3,7,184
2020-07-03,15.4,16.7,2701.58,DK1,32.57,4,7,185
2020-07-03,15.4,16.7,2701.58,DK2,32.57,4,7,185
2020-07-04,16.4,29.5,2622.46,DK1,1.21,5,7,186
2020-07-04,16.4,29.5,2622.46,DK2,1.21,5,7,186
2020-07-05,17.6,30.4,2601.56,DK1,0.08,6,7,187
2020-07-05,17.6,30.4,2601.56,DK2,0.88,6,7,187
2020-07-06,15.0,33.5,2675.05,DK1,0.0,0,7,188
2020-07-06,15.0,33.5,2675.05,DK2,0.0,0,7,188
2020-07-07,13.8,26.6,2756.97,DK1,0.08,1,7,189
2020-07-07,13.8,26.6,2756.97,DK2,0.08,1,7,189
2020-07-08,13.5,21.8,2764.36,DK1,16.01,2,7,190
2020-07-08,13.5,21.8,2764.36,DK2,16.01,2,7,190
2020-07-09,13.4,11.7,2773.33,DK1,32.66,3,7,191
2020-07-09,13.4,11.7,2773.33,DK2,32.66,3,7,191
2020-07-10,12.9,10.2,2728.9,DK1,32.939999,4,7,192
2020-07-10,12.9,10.2,2728.9,DK2,32.939999,4,7,192
2020-07-11,14.5,24.0,2686.6,DK1,5.84,5,7,193
2020-07-11,14.5,24.0,2686.6,DK2,5.84,5,7,193
2020-07-12,14.4,22.1,2513.91,DK1,9.03,6,7,194
2020-07-12,14.4,22.1,2513.91,DK2,9.03,6,7,194
2020-07-13,15.1,15.0,2547.85,DK1,9.02,0,7,195
2020-07-13,15.1,15.0,2547.85,DK2,9.02,0,7,195
2020-07-14,16.2,12.5,2654.44,DK1,28.16,1,7,196
2020-07-14,16.2,12.5,2654.44,DK2,28.16,1,7,196
2020-07-15,15.6,8.8,2652.49,DK1,30.0,2,7,197
2020-07-15,15.6,8.8,2652.49,DK2,30.0,2,7,197
2020-07-16,15.5,15.4,2603.87,DK1,29.84,3,7,198
2020-07-16,15.5,15.4,2603.87,DK2,29.84,3,7,198
2020-07-17,17.6,12.7,2622.57,DK1,29.51,4,7,199
2020-07-17,17.6,12.7,2622.57,DK2,29.51,4,7,199
2020-07-18,18.1,9.6,2525.5,DK1,27.620001,5,7,200
2020-07-18,18.1,9.6,2525.5,DK2,27.620001,5,7,200
2020-07-19,19.2,12.2,2492.69,DK1,27.0,6,7,201
2020-07-19,19.2,12.2,2492.69,DK2,27.0,6,7,201
2020-07-20,16.9,17.9,2490.64,DK1,26.4,0,7,202
2020-07-20,16.9,17.9,2490.64,DK2,26.4,0,7,202
2020-07-21,15.4,23.0,2606.74,DK1,5.61,1,7,203
2020-07-21,15.4,23.0,2606.74,DK2,5.61,1,7,203
2020-07-22,15.6,21.5,2602.77,DK1,27.15,2,7,204
2020-07-22,15.6,21.5,2602.77,DK2,27.15,2,7,204
2020-07-23,16.0,17.0,2606.64,DK1,27.360001,3,7,205
2020-07-23,16.0,17.0,2606.64,DK2,27.360001,3,7,205
2020-07-24,16.8,23.9,2615.45,DK1,19.26,4,7,206
2020-07-24,16.8,23.9,2615.45,DK2,19.26,4,7,206
2020-07-25,16.3,16.4,2538.75,DK1,27.93,5,7,207
2020-07-25,16.3,16.4,2538.75,DK2,27.93,5,7,207
2020-07-26,17.9,19.9,2514.34,DK1,20.370001,6,7,208
2020-07-26,17.9,19.9,2514.34,DK2,20.370001,6,7,208
2020-07-27,17.1,16.8,2577.17,DK1,25.52,0,7,209
2020-07-27,17.1,16.8,2577.17,DK2,25.52,0,7,209
2020-07-28,18.2,23.6,2842.25,DK1,2.55,1,7,210
2020-07-28,18.2,23.6,2842.25,DK2,2.55,1,7,210
2020-07-29,15.5,28.9,2690.9,DK1,1.48,2,7,211
2020-07-29,15.5,28.9,2690.9,DK2,1.48,2,7,211
2020-07-30,15.6,26.5,2702.19,DK1,1.35,3,7,212
2020-07-30,15.6,26.5,2702.19,DK2,1.35,3,7,212
2020-07-31,17.1,12.4,2668.05,DK1,28.540001,4,7,213
2020-07-31,17.1,12.4,2668.05,DK2,28.540001,4,7,213
2020-08-01,17.6,15.9,2642.72,DK1,24.280001,5,8,214
2020-08-01,17.6,15.9,2642.72,DK2,24.280001,5,8,214
2020-08-02,18.8,13.6,2569.95,DK1,26.9,6,8,215
2020-08-02,18.8,13.6,2569.95,DK2,26.9,6,8,215
2020-08-03,16.6,12.9,2617.44,DK1,26.049999,0,8,216
2020-08-03,16.6,12.9,2617.44,DK2,26.049999,0,8,216
2020-08-04,16.1,13.9,2714.12,DK1,26.139999,1,8,217
2020-08-04,16.1,13.9,2714.12,DK2,26.139999,1,8,217
2020-08-05,18.1,17.1,2842.98,DK1,19.700001,2,8,218
2020-08-05,18.1,17.1,2842.98,DK2,22.950001,2,8,218
2020-08-06,20.0,15.3,2803.15,DK1,21.76,3,8,219
2020-08-06,20.0,15.3,2803.15,DK2,21.76,3,8,219
2020-08-07,21.4,12.8,2849.83,DK1,29.200001,4,8,220
2020-08-07,21.4,12.8,2849.83,DK2,29.200001,4,8,220
2020-08-08,21.8,9.2,2743.83,DK1,30.959999,5,8,221
2020-08-08,21.8,9.2,2743.83,DK2,30.959999,5,8,221
2020-08-09,22.6,13.3,2558.13,DK1,28.0,6,8,222
2020-08-09,22.6,13.3,2558.13,DK2,28.0,6,8,222
2020-08-10,21.9,11.8,2877.33,DK1,28.030001,0,8,223
2020-08-10,21.9,11.8,2877.33,DK2,28.030001,0,8,223
2020-08-11,20.5,15.3,3010.32,DK1,31.120001,1,8,224
2020-08-11,20.5,15.3,3010.32,DK2,31.120001,1,8,224
2020-08-12,19.4,13.7,3069.98,DK1,23.77,2,8,225
2020-08-12,19.4,13.7,3069.98,DK2,23.77,2,8,225
2020-08-13,19.3,8.8,3028.85,DK1,28.42,3,8,226
2020-08-13,19.3,8.8,3028.85,DK2,28.42,3,8,226
2020-08-14,19.5,6.9,2970.62,DK1,31.07,4,8,227
2020-08-14,19.5,6.9,2970.62,DK2,31.07,4,8,227
2020-08-15,21.1,7.2,2801.67,DK1,31.77,5,8,228
2020-08-15,21.1,7.2,2801.67,DK2,31.77,5,8,228
2020-08-16,21.8,10.0,2733.11,DK1,28.0,6,8,229
2020-08-16,21.8,10.0,2733.11,DK2,28.0,6,8,229
2020-08-17,23.0,13.4,2895.72,DK1,28.25,0,8,230
2020-08-17,23.0,13.4,2895.72,DK2,28.25,0,8,230
2020-08-18,21.5,11.3,3043.37,DK1,31.49,1,8,231
2020-08-18,21.5,11.3,3043.37,DK2,31.49,1,8,231
2020-08-19,19.9,7.3,2974.41,DK1,32.52,2,8,232
2020-08-19,19.9,7.3,2974.41,DK2,32.52,2,8,232
2020-08-20,20.7,16.0,2953.23,DK1,26.1,3,8,233
2020-08-20,20.7,16.0,2953.23,DK2,26.1,3,8,233
2020-08-21,20.6,14.1,2978.94,DK1,24.15,4,8,234
2020-08-21,20.6,14.1,2978.94,DK2,24.15,4,8,234
2020-08-22,20.8,20.9,2827.61,DK1,24.08,5,8,235
2020-08-22,20.8,20.9,2827.61,DK2,24.08,5,8,235
2020-08-23,18.0,23.6,2640.71,DK1,21.610001,6,8,236
2020-08-23,18.0,23.6,2640.71,DK2,21.610001,6,8,236
2020-08-24,16.5,12.4,2718.33,DK1,27.139999,0,8,237
2020-08-24,16.5,12.4,2718.33,DK2,27.139999,0,8,237
2020-08-25,16.4,17.1,2808.42,DK1,34.48,1,8,238
2020-08-25,16.4,17.1,2808.42,DK2,34.48,1,8,238
2020-08-26,17.3,16.3,2987.5,DK1,2.78,2,8,239
2020-08-26,17.3,16.3,2987.5,DK2,20.530001,2,8,239
2020-08-27,15.5,10.1,2979.74,DK1,20.969999,3,8,240
2020-08-27,15.5,10.1,2979.74,DK2,20.969999,3,8,240
2020-08-28,15.1,14.2,2861.92,DK1,30.700001,4,8,241
2020-08-28,15.1,14.2,2861.92,DK2,30.700001,4,8,241
2020-08-29,16.6,9.4,2675.4,DK1,30.74,5,8,242
2020-08-29,16.6,9.4,2675.4,DK2,30.74,5,8,242
2020-08-30,15.7,8.6,2580.27,DK1,32.080002,6,8,243
2020-08-30,15.7,8.6,2580.27,DK2,32.080002,6,8,243
2020-08-31,15.2,16.2,2677.11,DK1,28.889999,0,8,244
2020-08-31,15.2,16.2,2677.11,DK2,28.889999,0,8,244
2020-09-01,15.3,12.5,2814.13,DK1,35.93,1,9,245
2020-09-01,15.3,12.5,2814.13,DK2,35.93,1,9,245
2020-09-02,15.6,16.3,2782.2,DK1,36.349998,2,9,246
2020-09-02,15.6,16.3,2782.2,DK2,36.349998,2,9,246
2020-09-03,16.5,15.6,2817.5,DK1,36.220001,3,9,247
2020-09-03,16.5,15.6,2817.5,DK2,36.220001,3,9,247
2020-09-04,16.8,19.6,2847.97,DK1,25.48,4,9,248
2020-09-04,16.8,19.6,2847.97,DK2,25.48,4,9,248
2020-09-05,15.4,19.9,2658.74,DK1,30.98,5,9,249
2020-09-05,15.4,19.9,2658.74,DK2,25.5,5,9,249
2020-09-06,14.1,18.2,2538.03,DK1,30.450001,6,9,250
2020-09-06,14.1,18.2,2538.03,DK2,25.030001,6,9,250
2020-09-07,14.6,20.5,2671.91,DK1,30.9,0,9,251
2020-09-07,14.6,20.5,2671.91,DK2,27.98,0,9,251
2020-09-08,16.7,24.4,2889.58,DK1,9.66,1,9,252
2020-09-08,16.7,24.4,2889.58,DK2,9.66,1,9,252
2020-09-09,16.4,25.6,2821.7,DK1,27.75,2,9,253
2020-09-09,16.4,25.6,2821.7,DK2,25.09,2,9,253
2020-09-10,14.1,20.6,2867.99,DK1,9.71,3,9,254
2020-09-10,14.1,20.6,2867.99,DK2,9.71,3,9,254
2020-09-11,14.5,15.2,2853.61,DK1,39.380001,4,9,255
2020-09-11,14.5,15.2,2853.61,DK2,39.380001,4,9,255
2020-09-12,15.3,22.9,2697.01,DK1,22.34,5,9,256
2020-09-12,15.3,22.9,2697.01,DK2,22.34,5,9,256
2020-09-13,16.2,24.0,2619.35,DK1,24.65,6,9,257
2020-09-13,16.2,24.0,2619.35,DK2,24.65,6,9,257
2020-09-14,17.5,12.7,2789.34,DK1,32.900002,0,9,258
2020-09-14,17.5,12.7,2789.34,DK2,21.870001,0,9,258
2020-09-15,17.7,7.2,2851.48,DK1,39.200001,1,9,259
2020-09-15,17.7,7.2,2851.48,DK2,39.200001,1,9,259
2020-09-16,16.3,17.9,2888.58,DK1,45.099998,2,9,260
2020-09-16,16.3,17.9,2888.58,DK2,45.099998,2,9,260
2020-09-17,12.4,18.0,2912.14,DK1,9.47,3,9,261
2020-09-17,12.4,18.0,2912.14,DK2,9.47,3,9,261
2020-09-18,12.3,11.0,2918.45,DK1,34.650002,4,9,262
2020-09-18,12.3,11.0,2918.45,DK2,34.650002,4,9,262
2020-09-19,13.7,6.4,2736.94,DK1,32.32,5,9,263
2020-09-19,13.7,6.4,2736.94,DK2,32.32,5,9,263
2020-09-20,14.2,5.8,2635.02,DK1,35.360001,6,9,264
2020-09-20,14.2,5.8,2635.02,DK2,35.360001,6,9,264
2020-09-21,14.3,8.2,2743.72,DK1,35.599998,0,9,265
2020-09-21,14.3,8.2,2743.72,DK2,35.599998,0,9,265
2020-09-22,15.4,9.4,2879.62,DK1,30.1,1,9,266
2020-09-22,15.4,9.4,2879.62,DK2,30.1,1,9,266
2020-09-23,17.3,11.0,2795.11,DK1,27.01,2,9,267
2020-09-23,17.3,11.0,2795.11,DK2,27.01,2,9,267
2020-09-24,16.6,19.7,2953.18,DK1,6.16,3,9,268
2020-09-24,16.6,19.7,2953.18,DK2,6.16,3,9,268
2020-09-25,14.3,19.3,2877.06,DK1,5.39,4,9,269
2020-09-25,14.3,19.3,2877.06,DK2,5.39,4,9,269
2020-09-26,14.5,18.2,2707.49,DK1,2.42,5,9,270
2020-09-26,14.5,18.2,2707.49,DK2,2.42,5,9,270
2020-09-27,18.0,23.7,2712.9,DK1,1.47,6,9,271
2020-09-27,18.0,23.7,2712.9,DK2,1.47,6,9,271
2020-09-28,14.9,16.8,2683.38,DK1,15.35,0,9,272
2020-09-28,14.9,16.8,2683.38,DK2,15.35,0,9,272
2020-09-29,14.9,13.6,2758.49,DK1,36.849998,1,9,273
2020-09-29,14.9,13.6,2758.49,DK2,36.849998,1,9,273
2020-09-30,14.9,14.4,2813.47,DK1,39.900002,2,9,274
2020-09-30,14.9,14.4,2813.47,DK2,39.900002,2,9,274
